 player_id,full_name,position
00-0030228,A.J. Bouye,CB
00-0020305,A.J. Feeley,UNK
00-0027942,A.J. Green,WR
00-0024220,A.J. Hawk,OLB
00-0027350,A.J. Jefferson,UNK
00-0030463,A.J. Klein,MLB
00-0031288,AJ McCarron,QB
00-0027129,Aaron Brown,UNK
00-0031259,Aaron Colvin,CB
00-0026981,Aaron Curry,UNK
00-0030540,Aaron Dobson,WR
00-0031388,Aaron Donald,DT
00-0023213,Aaron Francisco,UNK
00-0027713,Aaron Hernandez,UNK
00-0021269,Aaron Kampman,UNK
00-0030993,Aaron Lynch,OLB
00-0023459,Aaron Rodgers,QB
00-0025407,Aaron Ross,UNK
00-0027972,Aaron Williams,SS
00-0023405,Abram Elam,UNK
00-0030550,Ace Sanders,UNK
00-0025569,Adam Hayward,OLB
00-0023441,Adam Jones,CB
00-0025488,Adam Podlesh,UNK
00-0016919,Adam Vinatieri,UNK
00-0027958,Adrian Clayborn,DE
00-0025394,Adrian Peterson,RB
00-0020505,Adrian Wilson,UNK
00-0025637,Ahmad Bradshaw,UNK
00-0024495,Ahmad Brooks,OLB
00-0026330,Ahtyba Rubin,DT
00-0027977,Akeem Ayers,OLB
00-0028029,Akeem Dent,ILB
00-0025719,Akeem Jordan,UNK
00-0030402,Akeem Spence,DT
00-0029657,Akiem Hicks,DE
00-0021214,Akin Ayodele,UNK
00-0027726,Akwasi Owusu-Ansah,UNK
00-0026936,Al Afalava,UNK
00-0027723,Al Woods,NT
00-0025624,Alan Ball,UNK
00-0025420,Alan Branch,DT
00-0021149,Albert Haynesworth,UNK
00-0027560,Albert McClellan,UNK
00-0030669,Albert Wilson,WR
00-0025955,Albert Young,UNK
00-0027945,Aldon Smith,OLB
00-0028116,Aldrick Robinson,WR
00-0030527,Alec Ogletree,OLB
00-0021228,Alex Brown,UNK
00-0027677,Alex Carrington,UNK
00-0028034,Alex Green,UNK
00-0028058,Alex Henery,UNK
00-0030503,Alex Okafor,OLB
00-0023506,Alex Smith,UNK
00-0023436,Alex Smith,QB
00-0029623,Alex Tanney,QB
00-0027346,Alfonso Smith,UNK
00-0029596,Alfonzo Dennard,UNK
00-0031075,Alfred Blue,RB
00-0029141,Alfred Morris,RB
00-0028024,Allen Bailey,DE
00-0028125,Allen Bradford,UNK
00-0030821,Allen Hurns,WR
00-0031428,Allen Robinson,WR
00-0027013,Alphonso Smith,UNK
00-0029137,Alshon Jeffery,WR
00-0027705,Alterraun Verner,CB
00-0031544,Amari Cooper,WR
00-0027671,Amari Spievey,UNK
00-0032104,Ameer Abdullah,RB
00-0025397,Amobi Okoye,UNK
00-0021257,Andra Davis,UNK
00-0029600,Andre Branch,DE
00-0027094,Andre Brown,UNK
00-0026237,Andre Caldwell,UNK
00-0020489,Andre Carter,UNK
00-0030287,Andre Ellington,RB
00-0026227,Andre Fluellen,UNK
00-0031087,Andre Hal,FS
00-0028263,Andre Holmes,WR
00-0022044,Andre Johnson,UNK
00-0027691,Andre Roberts,WR
00-0031055,Andre Williams,RB
00-0021194,Andre' Goodman,UNK
00-0031718,Andrew Franks,K
00-0028172,Andrew Gachkar,OLB
00-0027918,Andrew Hawkins,WR
00-0029668,Andrew Luck,QB
00-0027753,Andrew Quarless,UNK
00-0027914,Andrew Sendejo,UNK
00-0027973,Andy Dalton,QB
00-0022824,Andy Lee,P
00-0026343,Andy Studebaker,UNK
00-0022084,Anquan Boldin,UNK
00-0022085,Anthony Adams,UNK
00-0028163,Anthony Allen,UNK
00-0026465,Anthony Armstrong,UNK
00-0031256,Anthony Barr,OLB
00-0027772,Anthony Dixon,UNK
00-0024268,Anthony Fasano,TE
00-0022753,Anthony Hargrove,UNK
00-0031348,Anthony Hitchens,MLB
00-0027539,Anthony Levine,CB
00-0027783,Anthony McCoy,UNK
00-0028074,Anthony Sherman,FB
00-0024298,Anthony Smith,UNK
00-0025413,Anthony Spencer,UNK
00-0024421,Antoine Bethea,SS
00-0026167,Antoine Cason,UNK
00-0018093,Antoine Winfield,UNK
00-0026855,Antone Smith,UNK
00-0029553,Antonio Allen,DB
00-0030789,Antonio Andrews,RB
00-0027793,Antonio Brown,WR
00-0024234,Antonio Cromartie,UNK
00-0022169,Antonio Garay,UNK
00-0021547,Antonio Gates,TE
00-0025539,Antonio Johnson,UNK
00-0022793,Antonio Smith,UNK
00-0023443,Antrel Rolle,SS
00-0021190,Antwaan Randle El,UNK
00-0024734,Antwan Applewhite,UNK
00-0025521,Antwan Barnes,UNK
00-0029050,Antwon Blake,DB
00-0026160,Aqib Talib,CB
00-0026796,Arian Foster,UNK
00-0028565,Armando Allen,UNK
00-0027692,Armanti Edwards,UNK
00-0028706,Armond Smith,UNK
00-0022064,Arnaz Battle,UNK
00-0027654,Arrelious Benn,WR
00-0027756,Arthur Jones,DE
00-0027777,Arthur Moats,OLB
00-0021956,Asante Samuel,UNK
00-0027058,Asher Allen,UNK
00-0026635,Ashlee Palmer,UNK
00-0023404,Atari Bigby,UNK
00-0022147,Aubrayo Franklin,UNK
00-0029578,Audie Cole,MLB
00-0027752,Austen Lane,UNK
00-0027092,Austin Collie,UNK
00-0028957,Austin Davis,QB
00-0028016,Austin Pettis,UNK
00-0031263,Avery Williamson,ILB
00-0030120,B.J. Daniels,QB
00-0026985,B.J. Raji,UNK
00-0030289,Bacarri Rambo,UNK
00-0030558,Barkevious Mingo,OLB
00-0023471,Barrett Ruud,UNK
00-0027416,Barry Church,SS
00-0024339,Barry Cofield,UNK
00-0020873,Bart Scott,UNK
00-0031052,Bashaud Breeland,CB
00-0027007,Beanie Wells,UNK
00-0026931,Bear Pascoe,UNK
00-0022954,Ben Graham,UNK
00-0021197,Ben Leber,UNK
00-0024463,Ben Obomanu,UNK
00-0022924,Ben Roethlisberger,QB
00-0027890,Ben Tate,UNK
00-0025860,BenJarvus Green-Ellis,UNK
00-0031262,Bene' Benwikere,CB
00-0022943,Benjamin Watson,TE
00-0030507,Bennie Logan,NT
00-0029795,Benny Cunningham,RB
00-0022352,Benny Sapp,UNK
00-0022807,Bernard Berrian,UNK
00-0029264,Bernard Pierce,UNK
00-0024269,Bernard Pollard,UNK
00-0026941,Bernard Scott,UNK
00-0028064,Bilal Powell,RB
00-0023679,Billy Bajema,UNK
00-0020972,Billy Cundiff,UNK
00-0019041,Billy Volek,UNK
00-0029303,Billy Winn,UNK
00-0031413,Bishop Sankey,RB
00-0030563,Bjoern Werner,UNK
00-0027948,Blaine Gabbert,QB
00-0029576,Blair Walsh,K
00-0027477,Blair White,UNK
00-0031407,Blake Bortles,QB
00-0024129,Blake Costanzo,UNK
00-0030541,Blidi Wreh-Wilson,FS
00-0023612,Bo Scaife,UNK
00-0024233,Bobby Carpenter,UNK
00-0029384,Bobby Rainey,RB
00-0022144,Bobby Wade,UNK
00-0029255,Bobby Wagner,MLB
00-0026946,Brad Jones,UNK
00-0010609,Brad Maynard,UNK
00-0029304,Brad Nortman,P
00-0024318,Brad Smith,UNK
00-0030292,Brad Sorensen,UNK
00-0030142,Brad Wing,P
00-0022137,Bradie James,UNK
00-0027041,Bradley Fletcher,UNK
00-0030161,Bradley McDougald,FS
00-0032065,Bradley Pinion,P
00-0031372,Bradley Roby,FS
00-0023559,Brady Poppinga,UNK
00-0025409,Brady Quinn,UNK
00-0031277,Branden Oliver,RB
00-0028601,Brandian Ross,UNK
00-0031236,Brandin Cooks,WR
00-0027618,Brandon Banks,UNK
00-0029239,Brandon Bolden,RB
00-0029416,Brandon Boykin,DB
00-0023013,Brandon Browner,CB
00-0026280,Brandon Carr,CB
00-0025612,Brandon Fields,UNK
00-0026175,Brandon Flowers,CB
00-0026937,Brandon Gibson,UNK
00-0027865,Brandon Graham,OLB
00-0027998,Brandon Harris,UNK
00-0025450,Brandon Jackson,UNK
00-0023545,Brandon Jacobs,UNK
00-0024356,Brandon Johnson,UNK
00-0027681,Brandon LaFell,WR
00-0022097,Brandon Lloyd,UNK
00-0029620,Brandon Marshall,UNK
00-0024334,Brandon Marshall,WR
00-0025527,Brandon McDonald,UNK
00-0023354,Brandon McGowan,UNK
00-0029822,Brandon McManus,K
00-0025472,Brandon Mebane,DT
00-0025411,Brandon Meriweather,UNK
00-0027135,Brandon Myers,TE
00-0026996,Brandon Pettigrew,TE
00-0025627,Brandon Siler,UNK
00-0027668,Brandon Spikes,UNK
00-0015754,Brandon Stokley,UNK
00-0027057,Brandon Tate,WR
00-0029677,Brandon Weeden,QB
00-0030511,Brandon Williams,NT
00-0023438,Braylon Edwards,UNK
00-0000551,Brendon Ayanbadejo,UNK
00-0025549,Brent Celek,TE
00-0024183,Brent Grimes,DB
00-0029394,Brenton Bersin,UNK
00-0005106,Brett Favre,UNK
00-0028540,Brett Hartmann,UNK
00-0021344,Brett Keisel,UNK
00-0025825,Brett Kern,P
00-0025694,Brett Ratliff,UNK
00-0026196,Brian Brohm,UNK
00-0026991,Brian Cushing,ILB
00-0004073,Brian Dawkins,UNK
00-0027077,Brian Hartline,WR
00-0026625,Brian Hoyer,QB
00-0024100,Brian Iwuh,UNK
00-0025439,Brian Leonard,UNK
00-0011626,Brian Moorman,UNK
00-0026989,Brian Orakpo,OLB
00-0029640,Brian Quick,WR
00-0027012,Brian Robiskie,UNK
00-0025489,Brian Robison,DE
00-0026084,Brian Schaefering,UNK
00-0019456,Brian Urlacher,UNK
00-0021216,Brian Westbrook,UNK
00-0030516,Brice Butler,WR
00-0026935,Brice McCain,DB
00-0029336,Brittan Golden,WR
00-0026516,Britton Colquitt,P
00-0029682,Brock Osweiler,QB
00-0024300,Brodie Croyle,UNK
00-0023469,Brodney Pool,UNK
00-0024229,Brodrick Bunkley,UNK
00-0028575,Bront Bird,UNK
00-0027980,Brooks Reed,OLB
00-0027978,Bruce Carter,LB
00-0031326,Bruce Ellington,WR
00-0024408,Bruce Gradkowski,UNK
00-0025917,Bruce Hall,UNK
00-0029193,Bruce Irvin,LB
00-0028149,Bruce Miller,FB
00-0029692,Bryan Anger,P
00-0028536,Bryan Braman,LB
00-0026263,Bryan Kehl,UNK
00-0027421,Bryan McCann,UNK
00-0021951,Bryan Scott,UNK
00-0021081,Bryan Thomas,UNK
00-0027595,Bryan Walters,UNK
00-0022156,Bryant Johnson,UNK
00-0023497,Bryant McFadden,UNK
00-0029429,Bryce Brown,UNK
00-0028075,Buster Skrine,DB
00-0022177,Byron Leftwich,UNK
00-0028111,Byron Maxwell,DB
00-0023621,C.C. Brown,UNK
00-0029854,C.J. Anderson,RB
00-0023624,C.J. Mosley,UNK
00-0031296,C.J. Mosley,ILB
00-0027861,C.J. Spiller,RB
00-0026758,C.J. Spillman,UNK
00-0027822,C.J. Wilson,UNK
00-0023440,Cadillac Williams,UNK
00-0031203,Cairo Santos,K
00-0026190,Calais Campbell,DE
00-0025970,Caleb Hanie,UNK
00-0030390,Caleb Sturgis,K
00-0025389,Calvin Johnson,UNK
00-0022120,Calvin Pace,UNK
00-0031343,Calvin Pryor,SS
00-0027939,Cam Newton,QB
00-0027745,Cam Thomas,UNK
00-0027969,Cameron Heyward,DE
00-0027962,Cameron Jordan,DE
00-0023368,Cameron Wake,DE
00-0026944,Captain Munnerlyn,CB
00-0027662,Carlos Dunlap,DE
00-0031045,Carlos Hyde,RB
00-0023444,Carlos Rogers,UNK
00-0021429,Carson Palmer,QB
00-0026369,Cary Williams,UNK
00-0028986,Case Keenum,UNK
00-0020426,Casey Hampton,UNK
00-0029261,Casey Hayward,DB
00-0028054,Casey Matthews,UNK
00-0027290,Cassius Vaughn,UNK
00-0028052,Cecil Shorts,WR
00-0023439,Cedric Benson,UNK
00-0024263,Cedric Griffin,UNK
00-0026932,Cedric Peerman,RB
00-0028424,Cedric Thornton,DT
00-0024232,Chad Greenway,OLB
00-0027188,Chad Hall,UNK
00-0026197,Chad Henne,QB
00-0020397,Chad Johnson,UNK
00-0019559,Chad Pennington,UNK
00-0025997,Chad Simpson,UNK
00-0000585,Champ Bailey,UNK
00-0030896,Chandler Catanzaro,K
00-0029554,Chandler Harnish,UNK
00-0029585,Chandler Jones,DE
00-0023505,Channing Crowder,UNK
00-0025622,Chansi Stuckey,UNK
00-0030668,Charcandrick West,RB
00-0028112,Charles Clay,TE
00-0026207,Charles Godfrey,FS
00-0025470,Charles Johnson,DE
00-0030113,Charles Johnson,WR
00-0031390,Charles Sims,RB
00-0022123,Charles Tillman,UNK
00-0018227,Charles Woodson,FS
00-0000865,Charlie Batch,UNK
00-0023502,Charlie Frye,UNK
00-0024372,Charlie Peprah,UNK
00-0024296,Charlie Whitehurst,UNK
00-0028427,Chas Henry,UNK
00-0023693,Chase Blackburn,UNK
00-0027069,Chase Coffman,UNK
00-0026544,Chase Daniel,QB
00-0028795,Chase Reynolds,UNK
00-0026366,Chaz Schilens,UNK
00-0021314,Chester Taylor,UNK
00-0028051,Chimdi Chekwa,DB
00-0025640,Chinedum Ndukwe,UNK
00-0026512,Chris Baker,DE
00-0031303,Chris Borland,UNK
00-0031136,Chris Boswell,K
00-0022092,Chris Brown,UNK
00-0023566,Chris Canty,DE
00-0023008,Chris Carr,UNK
00-0026368,Chris Chamberlain,UNK
00-0020446,Chris Chambers,UNK
00-0027115,Chris Clemons,DB
00-0021577,Chris Clemons,DE
00-0028031,Chris Conte,SS
00-0027649,Chris Cook,UNK
00-0022738,Chris Cooley,UNK
00-0022167,Chris Crocker,UNK
00-0028018,Chris Culliver,CB
00-0022914,Chris Gamble,UNK
00-0029614,Chris Givens,WR
00-0024286,Chris Gocong,UNK
00-0028224,Chris Harris,CB
00-0023614,Chris Harris,UNK
00-0028237,Chris Hogan,WR
00-0021219,Chris Hope,UNK
00-0025428,Chris Houston,UNK
00-0027531,Chris Ivory,RB
00-0027167,Chris Jennings,UNK
00-0026164,Chris Johnson,RB
00-0021949,Chris Johnson,UNK
00-0028664,Chris Jones,P
00-0021995,Chris Kelsay,UNK
00-0031361,Chris Kirksey,ILB
00-0023060,Chris Kluwe,UNK
00-0026142,Chris Long,DE
00-0027378,Chris Maragos,FS
00-0027140,Chris Ogbonnaya,UNK
00-0027062,Chris Owens,UNK
00-0029438,Chris Polk,UNK
00-0028059,Chris Prosinski,SS
00-0029140,Chris Rainey,UNK
00-0019709,Chris Redman,UNK
00-0030404,Chris Thompson,RB
00-0024517,Chris Wilson,UNK
00-0031130,Christian Jones,ILB
00-0027950,Christian Ponder,UNK
00-0030432,Christine Michael,RB
00-0028102,Chykie Brown,DB
00-0019538,Clark Haggans,UNK
00-0027725,Clay Harbor,TE
00-0027002,Clay Matthews,ILB
00-0026232,Cliff Avril,DE
00-0026113,Clifton Smith,UNK
00-0025523,Clint Session,UNK
00-0026964,Clinton McDonald,DT
00-0021179,Clinton Portis,UNK
00-0028049,Clyde Gates,UNK
00-0029697,Coby Fleener,TE
00-0027805,Cody Grimm,UNK
00-0030850,Cody Parkey,K
00-0029000,Cole Beasley,WR
00-0021684,Colin Cole,UNK
00-0028128,Colin Jones,DB
00-0027974,Colin Kaepernick,QB
00-0028047,Colin McCarthy,UNK
00-0026578,Colt Anderson,DB
00-0027688,Colt McCoy,QB
00-0030551,Colton Schmidt,P
00-0026138,Connor Barth,K
00-0027022,Connor Barwin,OLB
00-0028707,Corbin Bryant,DT
00-0030578,Cordarrelle Patterson,WR
00-0031118,Corey Brown,WR
00-0025555,Corey Graham,FS
00-0027956,Corey Liuget,DE
00-0026317,Corey Lynch,UNK
00-0024018,Corey Mays,UNK
00-0020804,Corey McIntyre,UNK
00-0027686,Corey Peters,DT
00-0023478,Corey Webster,UNK
00-0029658,Corey White,DB
00-0022906,Corey Williams,UNK
00-0027603,Corey Wootton,UNK
00-0020270,Correll Buckhalter,UNK
00-0028066,Cortez Allen,UNK
00-0024429,Cortland Finnegan,UNK
00-0021998,Cory Redding,UNK
00-0029529,Coty Sensabaugh,DB
00-0026960,Courtney Greene,UNK
00-0023503,Courtney Roby,UNK
00-0029252,Courtney Upshaw,LB
00-0024796,Craig Dahl,UNK
00-0028834,Craig Robertson,LB
00-0026260,Craig Steltz,UNK
00-0026225,Craig Stevens,UNK
00-0021706,Cullen Jenkins,UNK
00-0026745,Curtis Brinkley,UNK
00-0026177,Curtis Lofton,UNK
00-0027134,Curtis Painter,UNK
00-0029298,Cyrus Gray,RB
00-0024249,D'Qwell Jackson,ILB
00-0030572,D.J. Hayden,CB
00-0026907,D.J. Moore,UNK
00-0028124,D.J. Smith,UNK
00-0030566,D.J. Swearinger,DB
00-0024559,D.J. Ware,UNK
00-0022780,D.J. Williams,UNK
00-0028038,Da'Norris Searcy,SS
00-0027989,Da'Quan Bowers,UNK
00-0028159,Da'Rel Scott,UNK
00-0030491,Daimion Stafford,FS
00-0022165,Dallas Clark,UNK
00-0029435,Damaris Johnson,WR
00-0027893,Damian Williams,UNK
00-0030874,Damien Williams,RB
00-0029040,Damon Harrison,DT
00-0030069,Damontre Moore,DE
00-0028660,Dan Bailey,K
00-0026003,Dan Carpenter,K
00-0026214,Dan Connor,UNK
00-0029588,Dan Herron,UNK
00-0023578,Dan Orlovsky,QB
00-0026725,Dan Skuta,OLB
00-0027877,Dan Williams,DT
00-0027912,Danario Alexander,UNK
00-0027237,Dane Fletcher,UNK
00-0028352,Dane Sanzenbacher,UNK
00-0024257,Danieal Manning,UNK
00-0023752,Daniel Fells,UNK
00-0021154,Daniel Graham,UNK
00-0024692,Daniel Muir,UNK
00-0025499,Daniel Sepulveda,UNK
00-0028000,Daniel Thomas,RB
00-0026857,Dannell Ellerbe,OLB
00-0026035,Danny Amendola,WR
00-0019506,Danny Clark,UNK
00-0026837,Danny Gorrer,UNK
00-0026028,Danny Lansanah,UNK
00-0027422,Danny McCray,UNK
00-0029577,Danny Trevathan,LB
00-0026019,Danny Woodhead,RB
00-0025482,Dante Hughes,UNK
00-0025542,Dante Rosario,UNK
00-0027256,Darian Stewart,FS
00-0027017,Darius Butler,CB
00-0025951,Darius Reynaud,UNK
00-0030062,Darius Slay,CB
00-0022930,Darnell Dockett,UNK
00-0026852,Darrel Young,UNK
00-0027710,Darrell Stuckey,DB
00-0025401,Darrelle Revis,CB
00-0026144,Darren McFadden,RB
00-0014724,Darren Sharper,UNK
00-0023564,Darren Sproles,RB
00-0028334,Darrin Walls,DB
00-0026983,Darrius Heyward-Bey,WR
00-0027703,Darryl Sharpton,UNK
00-0024278,Darryl Tapp,UNK
00-0029612,Daryl Richardson,RB
00-0022839,Daryl Smith,LB
00-0027886,Daryl Washington,UNK
00-0025513,Dashon Goldson,UNK
00-0003739,Daunte Culpepper,UNK
00-0031381,Davante Adams,WR
00-0022814,Dave Ball,UNK
00-0023635,Dave Rayner,UNK
00-0024467,Dave Tollefson,UNK
00-0021235,Dave Zastudil,UNK
00-0000108,David Akers,UNK
00-0030420,David Amerson,CB
00-0024465,David Anderson,UNK
00-0030517,David Bass,OLB
00-0001563,David Bowens,UNK
00-0027083,David Bruton,DB
00-0027119,David Buehler,UNK
00-0027464,David Caldwell,UNK
00-0020608,David Carr,UNK
00-0021231,David Garrard,UNK
00-0027795,David Gettis,UNK
00-0025434,David Harris,ILB
00-0025999,David Hawthorne,UNK
00-0032187,David Johnson,RB
00-0025532,David Jones,UNK
00-0027322,David Nelson,UNK
00-0027755,David Reed,UNK
00-0024301,David Thomas,UNK
00-0026392,David Vobora,UNK
00-0029251,David Wilson,UNK
00-0028069,Davon House,CB
00-0026000,Davone Bess,UNK
00-0024360,Dawan Landry,UNK
00-0031060,De'Anthony Thomas,WR
00-0030564,DeAndre Hopkins,WR
00-0027050,DeAndre Levy,OLB
00-0022923,DeAngelo Hall,SS
00-0024242,DeAngelo Williams,RB
00-0028084,DeJon Gomes,UNK
00-0028009,DeMarco Murray,RB
00-0023445,DeMarcus Ware,OLB
00-0024248,DeMeco Ryans,UNK
00-0026189,DeSean Jackson,WR
00-0029191,DeShawn Shead,CB
00-0021192,Deion Branch,UNK
00-0027779,Deji Karim,UNK
00-0027812,Dekoda Watson,UNK
00-0024389,Delanie Walker,TE
00-0028057,Delone Carter,UNK
00-0029607,Demario Davis,LB
00-0027874,Demaryius Thomas,WR
00-0030451,Demetrius McCray,CB
00-0022707,Demorrio Williams,UNK
00-0030547,Denard Robinson,RB
00-0028086,Denarius Moore,UNK
00-0026296,Dennis Dixon,UNK
00-0030236,Dennis Johnson,UNK
00-0019650,Dennis Northcutt,UNK
00-0027714,Dennis Pitta,TE
00-0027063,Deon Butler,UNK
00-0019560,Deon Grant,UNK
00-0031366,Deone Bucannon,OLB
00-0029388,Deonte Thompson,WR
00-0023645,Derek Anderson,QB
00-0031280,Derek Carr,QB
00-0027047,Derek Cox,UNK
00-0024297,Derek Hagan,UNK
00-0025553,Derek Landri,UNK
00-0029586,Derek Wolfe,DE
00-0026148,Derrick Harvey,UNK
00-0023449,Derrick Johnson,ILB
00-0010500,Derrick Mason,UNK
00-0027868,Derrick Morgan,OLB
00-0029111,Derrick Shelby,DE
00-0022770,Derrick Ward,UNK
00-0027056,Derrick Williams,UNK
00-0025579,Desmond Bishop,LB
00-0026533,Desmond Bryant,DE
00-0030562,Desmond Trufant,CB
00-0022929,Devery Henderson,UNK
00-0024447,Devin Aromashodu,UNK
00-0024272,Devin Hester,WR
00-0027647,Devin McCourty,FS
00-0030079,Devin Taylor,DE
00-0026174,Devin Thomas,UNK
00-0031241,Devon Kennard,OLB
00-0031285,Devonta Freeman,RB
00-0027651,Dexter McCluster,RB
00-0027902,Dez Bryant,WR
00-0027789,Dezmon Briscoe,UNK
00-0019635,Dhani Jones,UNK
00-0027201,Dimitri Nance,UNK
00-0023727,Dimitri Patterson,UNK
00-0028087,Dion Lewis,RB
00-0024338,Domata Peko,DT
00-0024345,Domenik Hixon,UNK
00-0028863,Dominique Davis,UNK
00-0027735,Dominique Franks,UNK
00-0026156,Dominique Rodgers-Cromartie,CB
00-0023532,Domonique Foxworth,UNK
00-0027124,Don Carey,SS
00-0027003,Donald Brown,RB
00-0027682,Donald Butler,UNK
00-0004541,Donald Driver,UNK
00-0027518,Donald Jones,UNK
00-0021929,Donald Lee,UNK
00-0022158,Donald Strickland,UNK
00-0026173,Donnie Avery,UNK
00-0022684,Donnie Jones,P
00-0011022,Donovan McNabb,UNK
00-0029669,Dont'a Hightower,OLB
00-0031061,Dontae Johnson,CB
00-0029688,Dontari Poe,NT
00-0031339,Donte Moncrief,WR
00-0024223,Donte Whitner,UNK
00-0021147,Donte' Stallworth,UNK
00-0028411,Dontrelle Inman,WR
00-0028434,Doug Baldwin,WR
00-0029613,Doug Martin,RB
00-0021994,Drayton Florence,UNK
00-0029560,Dre Kirkpatrick,CB
00-0020531,Drew Brees,QB
00-0028952,Drew Butler,UNK
00-0024403,Drew Coleman,UNK
00-0025430,Drew Stanton,QB
00-0031392,Dri Archer,RB
00-0028409,DuJuan Harris,RB
00-0028942,Duke Ihenacho,SS
00-0032257,Duke Johnson,RB
00-0030073,Duke Williams,SS
00-0022735,Dunta Robinson,UNK
00-0030383,Duron Harmon,FS
00-0023534,Dustin Colquitt,P
00-0030098,Dustin Hopkins,K
00-0026170,Dustin Keller,UNK
00-0030970,Dustin Vaughan,QB
00-0022750,Dwan Edwards,UNK
00-0029689,Dwayne Allen,UNK
00-0025410,Dwayne Bowe,UNK
00-0030539,Dwayne Gratz,CB
00-0028114,Dwayne Harris,WR
00-0021146,Dwight Freeney,UNK
00-0026253,Dwight Lowery,DB
00-0026945,E.J. Biggers,DB
00-0031394,E.J. Gaines,CB
00-0022081,E.J. Henderson,UNK
00-0030526,EJ Manuel,QB
00-0026210,Earl Bennett,UNK
00-0027684,Earl Mitchell,DT
00-0027866,Earl Thomas,FS
00-0026221,Early Doucet,UNK
00-0021755,Earnest Graham,UNK
00-0027675,Ed Dickson,TE
00-0021377,Ed Reed,UNK
00-0030485,Eddie Lacy,RB
00-0029520,Eddie Pleasant,DB
00-0026182,Eddie Royal,WR
00-0029317,Edwin Baker,UNK
00-0025902,Elbert Mack,UNK
00-0024738,Eldra Buckley,UNK
00-0022803,Eli Manning,QB
00-0027144,Ellis Lankster,UNK
00-0024341,Elvis Dumervil,OLB
00-0029479,Emmanuel Lamur,LB
00-0027685,Emmanuel Sanders,WR
00-0000846,Eric Barton,UNK
00-0027858,Eric Berry,FS
00-0027690,Eric Decker,WR
00-0031387,Eric Ebron,TE
00-0025991,Eric Foster,UNK
00-0025552,Eric Frampton,UNK
00-0031554,Eric Kendricks,MLB
00-0030548,Eric Reid,FS
00-0024312,Eric Smith,UNK
00-0025424,Eric Weddle,DB
00-0024535,Eric Weems,WR
00-0025440,Eric Wright,UNK
00-0022218,Erik Coleman,UNK
00-0027844,Erik Lorig,UNK
00-0026307,Erik Walden,OLB
00-0025945,Erin Henderson,LB
00-0024224,Ernie Sims,UNK
00-0027787,Eugene Sims,DE
00-0021992,Eugene Wilson,UNK
00-0026123,Evan Moore,UNK
00-0028115,Evan Royster,UNK
00-0027019,Everette Brown,UNK
00-0027701,Everson Griffen,DE
00-0030059,Ezekiel Ansah,DE
00-0026162,Felix Jones,UNK
00-0027032,Fili Moala,UNK
00-0031332,Fitzgerald Toussaint,RB
00-0029653,Fletcher Cox,DE
00-0029731,Fozzy Whittaker,RB
00-0023500,Frank Gore,RB
00-0021943,Frank Walker,UNK
00-0027442,Frank Zombo,OLB
00-0030154,Frankie Hammond,WR
00-0026188,Fred Davis,UNK
00-0024426,Fred Evans,UNK
00-0024204,Fred Jackson,UNK
00-0019706,Fred Robbins,UNK
00-0016098,Fred Taylor,UNK
00-0024306,Frostee Rucker,DE
00-0027718,Garrett Graham,UNK
00-0025824,Garrett Hartley,UNK
00-0023904,Garrett McIntyre,UNK
00-0025480,Garrett Wolfe,UNK
00-0027098,Gartrell Johnson,UNK
00-0026281,Gary Barnidge,TE
00-0021484,Gary Brackett,UNK
00-0025821,Gary Guyton,UNK
00-0027720,Geno Atkins,DT
00-0026315,Geno Hayes,UNK
00-0030565,Geno Smith,QB
00-0029215,George Iloka,SS
00-0027495,George Johnson,DE
00-0027818,George Selvie,UNK
00-0022341,George Wilson,UNK
00-0030247,George Winn,RB
00-0025448,Gerald Alexander,UNK
00-0021941,Gerald Hayes,UNK
00-0030385,Gerald Hodges,ILB
00-0027856,Gerald McCoy,DT
00-0027095,Gerald McRath,UNK
00-0023590,Gerald Sensabaugh,UNK
00-0020524,Gerard Warren,UNK
00-0022815,Gibril Wilson,UNK
00-0030456,Giovani Bernard,RB
00-0027048,Glen Coffee,UNK
00-0026145,Glenn Dorsey,DE
00-0027081,Glover Quin,FS
00-0027891,Golden Tate,WR
00-0026858,Graham Gano,K
00-0027602,Graham Harrell,UNK
00-0023408,Greg Camarillo,UNK
00-0027774,Greg Hardy,UNK
00-0024267,Greg Jennings,UNK
00-0022897,Greg Jones,UNK
00-0027997,Greg Little,WR
00-0028146,Greg McElroy,UNK
00-0025418,Greg Olsen,TE
00-0028050,Greg Salas,WR
00-0026910,Greg Toler,DB
00-0029621,Greg Zuerlein,UNK
00-0029033,Griff Whalen,WR
00-0025566,H.B. Blades,UNK
00-0031333,Ha Ha Clinton-Dix,FS
00-0027005,Hakeem Nicks,UNK
00-0024227,Haloti Ngata,DT
00-0029606,Harrison Smith,FS
00-0026224,Harry Douglas,WR
00-0026346,Haruki Nakamura,UNK
00-0023215,Heath Farwell,UNK
00-0023465,Heath Miller,UNK
00-0026905,Henry Melton,UNK
00-0017162,Hines Ward,UNK
00-0024201,Hiram Eugene,UNK
00-0021983,Hunter Hillenmeyer,UNK
00-0015194,Hunter Smith,UNK
00-0025940,Husain Abdullah,UNK
00-0028241,Ian Williams,NT
00-0022915,Igor Olshansky,UNK
00-0021891,Ike Taylor,UNK
00-0028564,Isa Abdul-Quddus,DB
00-0026566,Isaac Redman,UNK
00-0022863,Isaac Sopoaga,UNK
00-0030656,Isaiah Crowell,RB
00-0029299,Isaiah Frey,DB
00-0029626,Isaiah Pead,RB
00-0029378,Ishmaa'ily Kitchen,UNK
00-0021604,Israel Idonije,UNK
00-0027949,J.J. Watt,DE
00-0030543,J.J. Wilcox,FS
00-0021296,J.T. O'Sullivan,UNK
00-0028133,J.T. Thomas,OLB
00-0025388,JaMarcus Russell,UNK
00-0027975,Jabaal Sheard,DE
00-0021163,Jabar Gaffney,UNK
00-0022527,Jabari Greer,UNK
00-0025701,Jackie Battle,UNK
00-0026209,Jacob Hester,UNK
00-0026674,Jacob Lacey,UNK
00-0026267,Jacob Tamme,TE
00-0027709,Jacoby Ford,UNK
00-0025460,Jacoby Jones,UNK
00-0028140,Jacquian Williams,UNK
00-0028083,Jacquizz Rodgers,UNK
00-0030312,Jahleel Addae,SS
00-0027880,Jahvid Best,UNK
00-0027992,Jaiquawn Jarrett,UNK
00-0027018,Jairus Byrd,FS
00-0004161,Jake Delhomme,UNK
00-0027946,Jake Locker,UNK
00-0026316,Jalen Parmele,UNK
00-0028056,Jalil Brown,CB
00-0025395,Jamaal Anderson,UNK
00-0026213,Jamaal Charles,RB
00-0026662,Jamaal Westerman,UNK
00-0019693,Jamal Lewis,UNK
00-0027814,Jamar Chaney,UNK
00-0030484,Jamar Taylor,CB
00-0026952,Jamarca Sanford,SS
00-0028600,Jamari Lattimore,UNK
00-0026407,Jameel McClain,UNK
00-0031503,Jameis Winston,QB
00-0029639,Jamell Fleming,CB
00-0024303,James Anderson,UNK
00-0023053,James Butler,UNK
00-0027109,James Casey,UNK
00-0027130,James Davis,UNK
00-0028694,James Dockery,UNK
00-0005082,James Farrior,UNK
00-0019387,James Hall,UNK
00-0029634,James Hanna,TE
00-0020712,James Harrison,OLB
00-0025753,James Ihedigbo,UNK
00-0025465,James Jones,UNK
00-0027011,James Laurinaitis,LB
00-0023567,James Sanders,UNK
00-0027791,James Starks,RB
00-0031062,James White,RB
00-0029279,James-Michael Johnson,LB
00-0030421,Jamie Collins,OLB
00-0028068,Jamie Harper,UNK
00-0031941,Jamison Crowder,WR
00-0029492,Jamize Olawale,RB
00-0029681,Janoris Jenkins,DB
00-0022740,Jared Allen,UNK
00-0027061,Jared Cook,TE
00-0029417,Jared Crick,DE
00-0027878,Jared Odrick,DE
00-0027105,Jarett Dillard,UNK
00-0029572,Jarius Wright,WR
00-0026930,Jarius Wynn,DT
00-0030300,Jaron Brown,WR
00-0022139,Jarret Johnson,UNK
00-0029051,Jarrett Boykin,WR
00-0023918,Jarrett Bush,UNK
00-0027979,Jarvis Jenkins,DT
00-0030499,Jarvis Jones,OLB
00-0031382,Jarvis Landry,WR
00-0024231,Jason Allen,UNK
00-0024324,Jason Avant,UNK
00-0022695,Jason Babin,UNK
00-0019921,Jason Baker,UNK
00-0023460,Jason Campbell,UNK
00-0006800,Jason Hanson,UNK
00-0024307,Jason Hatcher,UNK
00-0025463,Jason Hill,UNK
00-0023890,Jason Hunter,UNK
00-0026194,Jason Jones,UNK
00-0027136,Jason McCourty,CB
00-0031492,Jason Myers,K
00-0027867,Jason Pierre-Paul,DE
00-0025631,Jason Snelling,UNK
00-0016112,Jason Taylor,UNK
00-0025697,Jason Trusnik,UNK
00-0027043,Jason Williams,UNK
00-0022127,Jason Witten,TE
00-0027889,Jason Worilds,UNK
00-0022288,Jason Wright,UNK
00-0027108,Jasper Brinkley,MLB
00-0027467,Javarris James,UNK
00-0027660,Javier Arenas,DB
00-0027120,Javon Ringer,UNK
00-0030920,Javontee Herndon,WR
00-0031577,Javorius Allen,RB
00-0024226,Jay Cutler,QB
00-0019770,Jay Feely,UNK
00-0023656,Jay Ratliff,UNK
00-0029277,Jaye Howard,DE
00-0029267,Jayron Hosley,UNK
00-0026072,Jed Collins,UNK
00-0027321,Jeff Cumberland,TE
00-0030196,Jeff Heath,SS
00-0024369,Jeff King,UNK
00-0030405,Jeff Locke,P
00-0020737,Jeff Reed,UNK
00-0030024,Jeff Tuel,UNK
00-0030384,Jelani Jenkins,OLB
00-0026799,Jeremiah Johnson,UNK
00-0031301,Jeremy Hill,RB
00-0025786,Jeremy Kapinos,UNK
00-0028091,Jeremy Kerley,WR
00-0029295,Jeremy Lane,CB
00-0031569,Jeremy Langford,RB
00-0026995,Jeremy Maclin,WR
00-0024405,Jeremy Mincey,UNK
00-0028249,Jeremy Ross,WR
00-0021148,Jeremy Shockey,UNK
00-0029441,Jeremy Stewart,UNK
00-0031376,Jerick McKinnon,RB
00-0024294,Jerious Norwood,UNK
00-0027873,Jermaine Gresham,TE
00-0029159,Jermaine Kearse,WR
00-0026231,Jermichael Finley,UNK
00-0026150,Jerod Mayo,MLB
00-0026286,Jerome Felton,FB
00-0024359,Jerome Harrison,UNK
00-0026186,Jerome Simpson,WR
00-0027244,Jeromy Miles,UNK
00-0028441,Jeron Johnson,UNK
00-0027064,Jerraud Powers,UNK
00-0028021,Jerrel Jernigan,UNK
00-0025920,Jerrell Freeman,LB
00-0022811,Jerricho Cotchery,UNK
00-0027881,Jerry Hughes,DE
00-0027825,Jim Dray,TE
00-0023287,Jim Leonhard,UNK
00-0031298,Jimmie Ward,SS
00-0027659,Jimmy Clausen,UNK
00-0031345,Jimmy Garoppolo,QB
00-0027696,Jimmy Graham,TE
00-0027965,Jimmy Smith,CB
00-0028173,Jimmy Wilson,DB
00-0025838,Jo-Lonn Dunbar,UNK
00-0029048,Joe Banyard,RB
00-0026158,Joe Flacco,QB
00-0027860,Joe Haden,CB
00-0026340,Joe Mays,UNK
00-0027712,Joe McKnight,UNK
00-0011970,Joe Nedney,UNK
00-0027796,Joe Webb,QB
00-0028650,Joe Young,UNK
00-0023630,Joel Dreessen,UNK
00-0013126,Joey Porter,UNK
00-0019546,John Abraham,UNK
00-0025427,John Beck,UNK
00-0031051,John Brown,WR
00-0026178,John Carlson,UNK
00-0021144,John Henderson,UNK
00-0029266,John Hughes,DE
00-0030070,John Jenkins,DT
00-0009028,John Kasay,UNK
00-0022999,John Kuhn,UNK
00-0026505,John Parker Wilson,UNK
00-0027139,John Phillips,UNK
00-0030442,John Simon,OLB
00-0027754,John Skelton,UNK
00-0025571,John Wendling,UNK
00-0030538,Johnathan Cyprien,SS
00-0030063,Johnathan Hankins,DT
00-0024239,Johnathan Joseph,CB
00-0025486,Johnnie Lee Higgins,UNK
00-0028872,Johnny Hekker,P
00-0026913,Johnny Knox,UNK
00-0031409,Johnny Manziel,UNK
00-0029065,Johnson Bademosi,DB
00-0030469,Johnthan Banks,CB
00-0027218,Joique Bell,UNK
00-0027964,Jon Baldwin,UNK
00-0025412,Jon Beason,UNK
00-0030064,Jon Bostic,OLB
00-0009311,Jon Kitna,UNK
00-0021187,Jon McGraw,UNK
00-0023742,Jon Ryan,P
00-0029104,Jonas Gray,RB
00-0023494,Jonathan Babineaux,NT
00-0026832,Jonathan Casillas,OLB
00-0027786,Jonathan Dwyer,UNK
00-0023665,Jonathan Fanene,UNK
00-0028454,Jonathan Freeny,MLB
00-0026305,Jonathan Goff,UNK
00-0029510,Jonathan Grimes,RB
00-0029617,Jonathan Massaquoi,DE
00-0026153,Jonathan Stewart,RB
00-0022778,Jonathan Vilma,UNK
00-0025471,Jonathan Wade,UNK
00-0026269,Jonathan Wilhite,UNK
00-0029770,Joplo Bartu,OLB
00-0022409,Jordan Babineaux,UNK
00-0028040,Jordan Cameron,TE
00-0030410,Jordan Gay,K
00-0031299,Jordan Matthews,WR
00-0026739,Jordan Norwood,WR
00-0025592,Jordan Palmer,UNK
00-0030114,Jordan Poyer,FS
00-0027799,Jordan Pugh,UNK
00-0030472,Jordan Reed,TE
00-0025995,Jordan Senn,UNK
00-0027687,Jordan Shipley,UNK
00-0028121,Jordan Todman,RB
00-0026176,Jordy Nelson,WR
00-0021654,Joselio Hanson,UNK
00-0024245,Joseph Addai,UNK
00-0028532,Joseph Morgan,UNK
00-0030388,Joseph Randle,UNK
00-0021940,Josh Brown,K
00-0028278,Josh Bynes,OLB
00-0023176,Josh Cribbs,UNK
00-0030557,Josh Evans,FS
00-0026993,Josh Freeman,UNK
00-0029664,Josh Gordon,WR
00-0027503,Josh Gordy,UNK
00-0030216,Josh Hill,TE
00-0030990,Josh Huff,WR
00-0026300,Josh Johnson,UNK
00-0032087,Josh Lambo,K
00-0027170,Josh Mauga,ILB
00-0021206,Josh McCown,QB
00-0026314,Josh Morgan,UNK
00-0029285,Josh Norman,CB
00-0029691,Josh Robinson,DB
00-0022874,Josh Scobee,K
00-0028081,Josh Thomas,DB
00-0026644,Josh Vaughan,UNK
00-0025442,Josh Wilson,UNK
00-0026869,Jovan Belcher,UNK
00-0027150,Julian Edelman,WR
00-0019695,Julian Peterson,UNK
00-0027944,Julio Jones,WR
00-0022840,Julius Jones,UNK
00-0021140,Julius Peppers,OLB
00-0028067,Julius Thomas,TE
00-0027551,Junior Galette,DE
00-0019986,Juqua Parker,UNK
00-0028015,Jurrell Casey,DE
00-0021092,Justin Bannan,UNK
00-0029530,Justin Bethel,CB
00-0029707,Justin Blackmon,WR
00-0025435,Justin Durant,UNK
00-0022093,Justin Fargas,UNK
00-0026373,Justin Forsett,RB
00-0021982,Justin Gage,UNK
00-0028008,Justin Houston,OLB
00-0030521,Justin Hunter,WR
00-0026241,Justin King,UNK
00-0028144,Justin Rogers,UNK
00-0020535,Justin Smith,UNK
00-0026264,Justin Tryon,UNK
00-0023509,Justin Tuck,DE
00-0029597,Justin Tucker,K
00-0030246,Justin Tuggle,LB
00-0030705,Juwan Thompson,RB
00-0031253,K'Waun Williams,FS
00-0028037,K.J. Wright,OLB
00-0031057,Ka'Deem Carey,RB
00-0026579,Kahlil Bell,UNK
00-0028787,Kai Forbath,K
00-0027074,Kaluka Maiava,UNK
00-0027733,Kam Chancellor,SS
00-0028497,Kamar Aiken,WR
00-0024228,Kamerion Wimbley,UNK
00-0027872,Kareem Jackson,CB
00-0026320,Kareem Moore,UNK
00-0028080,Karl Klug,DE
00-0022927,Karlos Dansby,LB
00-0032152,Karlos Williams,RB
00-0021570,Kassim Osgood,UNK
00-0027831,Kavell Conner,UNK
00-0030448,Kawann Short,DT
00-0030523,Kayvon Webster,CB
00-0024410,Kedric Golston,DE
00-0030279,Keenan Allen,WR
00-0027721,Keenan Clayton,UNK
00-0026903,Keenan Lewis,CB
00-0029545,Keenan Robinson,LB
00-0027214,Keiland Williams,UNK
00-0001820,Keith Brooking,UNK
00-0019648,Keith Bulluck,UNK
00-0024392,Keith Ellison,UNK
00-0031600,Keith Mumphery,WR
00-0027131,Keith Null,UNK
00-0026149,Keith Rivers,UNK
00-0029422,Keith Tandy,UNK
00-0027257,Keith Toston,UNK
00-0029107,Kelcie McCray,SS
00-0024264,Kellen Clemens,QB
00-0026298,Kellen Davis,TE
00-0029234,Kellen Moore,QB
00-0022922,Kellen Winslow,UNK
00-0006398,Kelly Gregg,UNK
00-0024246,Kelly Jennings,UNK
00-0031359,Kelvin Benjamin,WR
00-0023495,Kelvin Hayden,UNK
00-0028006,Kelvin Sheppard,LB
00-0030427,Kemal Ishmael,SS
00-0030000,Kenbrell Thompkins,WR
00-0030039,Kendall Gaskins,RB
00-0028053,Kendall Hunter,UNK
00-0026206,Kendall Langford,DE
00-0029256,Kendall Reyes,DT
00-0029708,Kendall Wright,WR
00-0027736,Kendrick Lewis,FS
00-0030465,Kenjon Barner,RB
00-0025633,Kenneth Darby,UNK
00-0027006,Kenny Britt,WR
00-0026486,Kenny Onatolu,UNK
00-0026171,Kenny Phillips,UNK
00-0030085,Kenny Stills,WR
00-0030060,Kenny Vaccaro,SS
00-0021262,Kenyon Coleman,UNK
00-0003292,Kerry Collins,UNK
00-0023557,Kerry Rhodes,UNK
00-0030776,Kerry Wynn,DE
00-0030117,Kerwynn Williams,RB
00-0029415,Keshawn Martin,WR
00-0021225,Kevin Bentley,UNK
00-0025540,Kevin Boss,UNK
00-0023477,Kevin Burnett,UNK
00-0005091,Kevin Faulk,UNK
00-0027103,Kevin Huber,P
00-0025423,Kevin Kolb,UNK
00-0030382,Kevin Minter,MLB
00-0026780,Kevin Ogletree,UNK
00-0026204,Kevin Smith,UNK
00-0023648,Kevin Vickerson,UNK
00-0021931,Kevin Walter,UNK
00-0022073,Kevin Williams,UNK
00-0022697,Keyaron Fox,UNK
00-0025629,Keyunta Dawson,UNK
00-0031040,Khalil Mack,DE
00-0030348,Khiry Robinson,RB
00-0030401,Kiko Alonso,LB
00-0029604,Kirk Cousins,QB
00-0023513,Kirk Morrison,UNK
00-0030280,Knile Davis,RB
00-0026988,Knowshon Moreno,UNK
00-0027883,Koa Misi,OLB
00-0026029,Kregg Lumpkin,UNK
00-0001980,Kris Brown,UNK
00-0028045,Kris Durham,UNK
00-0026294,Kroy Biermann,UNK
00-0027835,Kurt Coleman,FS
00-0017200,Kurt Warner,UNK
00-0032109,Kwon Alexander,MLB
00-0026071,Kyle Arrington,CB
00-0022164,Kyle Boller,UNK
00-0027499,Kyle Bosworth,UNK
00-0031041,Kyle Fuller,CB
00-0029892,Kyle Juszczyk,FB
00-0027236,Kyle Love,DT
00-0026906,Kyle Moore,UNK
00-0023541,Kyle Orton,UNK
00-0027981,Kyle Rudolph,TE
00-0020382,Kyle Vanden Bosch,UNK
00-0029647,Kyle Wilber,OLB
00-0027608,Kyle Williams,UNK
00-0024348,Kyle Williams,DT
00-0027879,Kyle Wilson,UNK
00-0020536,LaDainian Tomlinson,UNK
00-0025433,LaMarr Woodley,UNK
00-0029260,LaMichael James,UNK
00-0026956,LaRod Stephens-Howling,UNK
00-0025393,LaRon Landry,UNK
00-0029955,LaRoy Reynolds,LB
00-0029548,LaVon Brazill,UNK
00-0029275,Ladarius Green,TE
00-0021184,Ladell Betts,UNK
00-0029615,Lamar Miller,RB
00-0031389,Lamarcus Joyner,CB
00-0027657,Lamarr Houston,OLB
00-0026432,Lance Ball,UNK
00-0022128,Lance Briggs,UNK
00-0029004,Lance Dunbar,RB
00-0027985,Lance Kendricks,TE
00-0025934,Lance Long,UNK
00-0023310,Lance Moore,UNK
00-0026356,Landon Cohen,UNK
00-0032262,Landon Collins,FS
00-0030524,Landry Jones,QB
00-0027060,Lardarius Webb,CB
00-0027759,Larry Asante,UNK
00-0028260,Larry Dean,UNK
00-0028838,Larry Donnell,TE
00-0026992,Larry English,UNK
00-0022921,Larry Fitzgerald,WR
00-0021246,Larry Foote,UNK
00-0026354,Larry Grant,UNK
00-0021976,Larry Johnson,UNK
00-0030513,Latavius Murray,RB
00-0024236,Laurence Maroney,UNK
00-0025462,Laurent Robinson,UNK
00-0026266,Lavelle Hawkins,UNK
00-0018958,Laveranues Coles,UNK
00-0029562,Lavonte David,OLB
00-0028171,Lawrence Guy,DE
00-0026168,Lawrence Jackson,UNK
00-0025402,Lawrence Timmons,ILB
00-0019778,Lawrence Tynes,UNK
00-0011326,Lawyer Milloy,UNK
00-0025524,Le'Ron McClain,UNK
00-0030496,Le'Veon Bell,RB
00-0027325,LeGarrette Blount,RB
00-0027029,LeSean McCoy,RB
00-0022910,Lee Evans,UNK
00-0025559,Legedu Naanee,UNK
00-0025942,Leger Douzable,UNK
00-0021612,Leigh Bodden,UNK
00-0023186,Leigh Torrence,UNK
00-0024260,LenDale White,UNK
00-0026151,Leodis McKelvin,DB
00-0025405,Leon Hall,UNK
00-0024332,Leon Washington,UNK
00-0028017,Leonard Hankerson,WR
00-0029087,Leonard Johnson,UNK
00-0024287,Leonard Pope,UNK
00-0023063,Leonard Weaver,UNK
00-0023533,Leroy Hill,UNK
00-0026292,Letroy Guion,DE
00-0030443,Levine Toilolo,TE
00-0026344,Lex Hilliard,UNK
00-0027885,Linval Joseph,DT
00-0021157,Lito Sheppard,UNK
00-0023480,Lofa Tatupu,UNK
00-0027215,Logan Paulsen,TE
00-0030411,Logan Ryan,CB
00-0031260,Logan Thomas,QB
00-0005322,London Fletcher,UNK
00-0027423,Lonyae Miller,UNK
00-0023259,Lorenzo Alexander,LB
00-0025458,Lorenzo Booker,UNK
00-0031066,Lorenzo Taliaferro,RB
00-0027009,Louis Delmas,UNK
00-0027089,Louis Murphy,WR
00-0022405,Lousaka Polite,UNK
00-0029248,Luke Kuechly,MLB
00-0022864,Luke McCown,QB
00-0030089,Luke Willson,TE
00-0026121,Lynell Hamilton,UNK
00-0028598,M.D. Jennings,UNK
00-0022842,Madieu Williams,UNK
00-0027680,Major Wright,SS
00-0031218,Malcolm Butler,CB
00-0026990,Malcolm Jenkins,FS
00-0028180,Malcolm Smith,OLB
00-0022414,Malcom Floyd,UNK
00-0029568,Malik Jackson,DT
00-0024237,Manny Lawson,OLB
00-0030278,Manti Te'o,ILB
00-0019599,Marc Bulger,UNK
00-0027816,Marc Mariani,WR
00-0024243,Marcedes Lewis,TE
00-0026393,Marcel Reece,FB
00-0027941,Marcell Dareus,DT
00-0026742,Marcus Benard,UNK
00-0030127,Marcus Cooper,UNK
00-0027708,Marcus Easley,WR
00-0027988,Marcus Gilchrist,FS
00-0032268,Marcus Mariota,QB
00-0032165,Marcus Peters,CB
00-0027547,Marcus Sherels,CB
00-0023455,Marcus Spears,UNK
00-0020492,Marcus Stroud,UNK
00-0026577,Marcus Thigpen,UNK
00-0025508,Marcus Thomas,UNK
00-0022046,Marcus Trufant,UNK
00-0031151,Marcus Williams,CB
00-0027700,Mardy Gilyard,UNK
00-0028339,Mario Addison,DE
00-0022034,Mario Haggan,UNK
00-0026235,Mario Manningham,UNK
00-0023750,Mario Williams,DE
00-0023544,Marion Barber,UNK
00-0024373,Mark Anderson,UNK
00-0029670,Mark Barron,OLB
00-0002110,Mark Brunell,UNK
00-0023457,Mark Clayton,UNK
00-0028620,Mark Herzlich,OLB
00-0027966,Mark Ingram,RB
00-0026898,Mark Sanchez,QB
00-0030460,Markus Wheaton,WR
00-0030400,Marlon Brown,WR
00-0027356,Marlon Moore,WR
00-0031431,Marqise Lee,WR
00-0024466,Marques Colston,UNK
00-0004472,Marques Douglas,UNK
00-0029123,Marquette King,P
00-0024588,Marquice Cole,UNK
00-0030068,Marquise Goodwin,WR
00-0025399,Marshawn Lynch,RB
00-0031373,Martavis Bryant,WR
00-0026201,Martellus Bennett,TE
00-0029293,Marvin Jones,WR
00-0025607,Marvin Mitchell,UNK
00-0025580,Mason Crosby,UNK
00-0028022,Mason Foster,ILB
00-0021488,Mat McBriar,UNK
00-0024247,Mathias Kiwanuka,UNK
00-0028198,Matt Asiata,RB
00-0030533,Matt Barkley,QB
00-0028130,Matt Bosher,P
00-0020578,Matt Bryant,K
00-0023662,Matt Cassel,QB
00-0031716,Matt Darr,P
00-0027815,Matt Dodge,UNK
00-0030559,Matt Elam,SS
00-0026349,Matt Flynn,UNK
00-0026184,Matt Forte,RB
00-0023569,Matt Giordano,UNK
00-0007091,Matt Hasselbeck,UNK
00-0031939,Matt Jones,RB
00-0024225,Matt Leinart,UNK
00-0030419,Matt McGloin,UNK
00-0025708,Matt Moore,QB
00-0023853,Matt Prater,K
00-0023481,Matt Roth,UNK
00-0026143,Matt Ryan,QB
00-0022787,Matt Schaub,QB
00-0027045,Matt Shaughnessy,UNK
00-0029151,Matt Simms,QB
00-0016689,Matt Turk,UNK
00-0024756,Matt Willis,UNK
00-0026293,Matthew Slater,WR
00-0026498,Matthew Stafford,QB
00-0024275,Maurice Jones-Drew,UNK
00-0021182,Maurice Morris,UNK
00-0024305,Maurice Stovall,UNK
00-0027347,Max Hall,UNK
00-0028359,McLeod Bethel-Thompson,QB
00-0024697,Melvin Bullitt,UNK
00-0032144,Melvin Gordon,RB
00-0029249,Melvin Ingram,OLB
00-0030259,Melvin White,DB
00-0022217,Mewelde Moore,UNK
00-0030090,Micah Hyde,SS
00-0025668,Michael Adams,UNK
00-0020514,Michael Bennett,UNK
00-0026618,Michael Bennett,DE
00-0023593,Michael Boley,UNK
00-0029630,Michael Brockers,DT
00-0025487,Michael Bush,UNK
00-0030128,Michael Cox,UNK
00-0026986,Michael Crabtree,WR
00-0029638,Michael Floyd,WR
00-0025406,Michael Griffin,DB
00-0027732,Michael Hoomanawanui,TE
00-0024222,Michael Huff,UNK
00-0022781,Michael Jenkins,UNK
00-0027044,Michael Johnson,DE
00-0023234,Michael Koenen,UNK
00-0021185,Michael Lewis,UNK
00-0024315,Michael Robinson,UNK
00-0028908,Michael Thomas,UNK
00-0022821,Michael Turner,UNK
00-0028836,Michael Wilhoite,UNK
00-0023968,Micheal Spurlock,UNK
00-0022247,Mike Adams,SS
00-0024011,Mike Bell,UNK
00-0019699,Mike Brown,UNK
00-0029155,Mike Brown,UNK
00-0029284,Mike Daniels,DE
00-0025689,Mike DeVito,UNK
00-0031408,Mike Evans,WR
00-0030433,Mike Gillislee,RB
00-0030520,Mike Glennon,QB
00-0027080,Mike Goodson,UNK
00-0029610,Mike Harris,UNK
00-0026342,Mike Hart,UNK
00-0030391,Mike James,RB
00-0026165,Mike Jenkins,UNK
00-0027722,Mike Kafka,UNK
00-0027023,Mike Mitchell,FS
00-0028127,Mike Mohamed,UNK
00-0027664,Mike Neal,UNK
00-0023482,Mike Nugent,K
00-0023466,Mike Patterson,UNK
00-0012871,Mike Peterson,UNK
00-0022017,Mike Scifres,P
00-0014655,Mike Sellers,UNK
00-0025466,Mike Sims-Walker,UNK
00-0027076,Mike Thomas,UNK
00-0026069,Mike Tolbert,UNK
00-0020245,Mike Vick,UNK
00-0016960,Mike Vrabel,UNK
00-0026901,Mike Wallace,WR
00-0023452,Mike Williams,UNK
00-0027702,Mike Williams,UNK
00-0027995,Mikel Leshoure,UNK
00-0023921,Miles Austin,UNK
00-0029631,Miles Burris,UNK
00-0027573,Mitch Unrein,DE
00-0027026,Mohamed Massaquoi,UNK
00-0029632,Mohamed Sanu,WR
00-0026951,Moise Fokou,UNK
00-0027666,Montario Hardesty,UNK
00-0030522,Montee Ball,UNK
00-0024103,Montell Owens,UNK
00-0027676,Morgan Burnett,SS
00-0026928,Morgan Trent,UNK
00-0029676,Morris Claiborne,CB
00-0028574,Mossis Madu,UNK
00-0027968,Muhammad Wilkerson,DE
00-0011795,Muhsin Muhammad,UNK
00-0029409,Mychal Kendricks,ILB
00-0030514,Mychal Rivera,TE
00-0019467,Na'il Diggs,UNK
00-0027894,NaVorro Bowman,ILB
00-0027220,Naaman Roosevelt,UNK
00-0027652,Nate Allen,SS
00-0021999,Nate Burleson,UNK
00-0020495,Nate Clements,UNK
00-0027118,Nate Davis,UNK
00-0028005,Nate Irving,ILB
00-0022828,Nate Jones,UNK
00-0022737,Nate Kaeding,UNK
00-0030104,Nate Palmer,LB
00-0029629,Nate Stupar,LB
00-0023367,Nate Washington,WR
00-0027855,Ndamukong Suh,DT
00-0019676,Neil Rackers,UNK
00-0027107,Nic Harris,UNK
00-0021990,Nick Barnett,UNK
00-0028292,Nick Bellore,LB
00-0023486,Nick Collins,UNK
00-0027951,Nick Fairley,DT
00-0029567,Nick Foles,QB
00-0025565,Nick Folk,K
00-0020267,Nick Harris,UNK
00-0026321,Nick Hayden,UNK
00-0026536,Nick Miller,UNK
00-0023096,Nick Novak,K
00-0029408,Nick Perry,OLB
00-0024750,Nick Roach,UNK
00-0029848,Nick Williams,WR
00-0030041,Nickell Robey,DB
00-0029272,Nigel Bradham,LB
00-0028093,Niles Paul,TE
00-0022077,Nnamdi Asomugha,UNK
00-0027744,Nolan Carroll,CB
00-0027730,O'Brien Schofield,OLB
00-0031235,Odell Beckham,WR
00-0010373,Olindo Mare,UNK
00-0029693,Olivier Vernon,DE
00-0029563,Omar Bolden,DB
00-0024382,Omar Gaither,UNK
00-0026283,Orlando Scandrick,CB
00-0030860,Orleans Darkwa,RB
00-0023501,Oshiomogho Atogwe,UNK
00-0021977,Osi Umenyiora,UNK
00-0024313,Owen Daniels,UNK
00-0019104,Paris Lenon,UNK
00-0024354,Parys Haralson,UNK
00-0027892,Pat Angerer,UNK
00-0028453,Pat Devlin,QB
00-0026200,Pat Lee,UNK
00-0027145,Pat McAfee,P
00-0031079,Pat O'Donnell,P
00-0026217,Pat Sims,DT
00-0027020,Pat White,UNK
00-0025833,Patrick Bailey,UNK
00-0027010,Patrick Chung,SS
00-0024172,Patrick Cobbs,UNK
00-0022766,Patrick Crayton,UNK
00-0027943,Patrick Peterson,CB
00-0027882,Patrick Robinson,DB
00-0025398,Patrick Willis,UNK
00-0027033,Paul Kruger,OLB
00-0025788,Paul Oliver,UNK
00-0025421,Paul Posluszny,MLB
00-0025495,Paul Soliai,DT
00-0029792,Paul Worrilow,MLB
00-0026998,Percy Harvin,UNK
00-0027000,Peria Jerry,UNK
00-0028103,Pernell McPhee,OLB
00-0027737,Perrish Cox,CB
00-0027704,Perry Riley,ILB
00-0026367,Peyton Hillis,UNK
00-0010346,Peyton Manning,UNK
00-0004091,Phil Dawson,K
00-0022942,Philip Rivers,QB
00-0026233,Philip Wheeler,OLB
00-0027610,Phillip Adams,UNK
00-0021151,Phillip Buchanon,UNK
00-0028613,Phillip Tanner,UNK
00-0027959,Phillip Taylor,UNK
00-0026345,Pierre Garcon,WR
00-0024813,Pierre Thomas,UNK
00-0019642,Plaxico Burress,UNK
00-0031171,Preston Brown,MLB
00-0027450,Preston Parker,UNK
00-0027957,Prince Amukamara,DB
00-0026716,Quan Cosby,UNK
00-0026192,Quentin Groves,UNK
00-0021381,Quentin Jammer,UNK
00-0025455,Quincy Black,UNK
00-0026257,Quintin Demps,SS
00-0021512,Quintin Mikell,UNK
00-0028046,Quinton Carter,UNK
00-0029559,Quinton Coples,DE
00-0030088,Quinton Dial,DE
00-0024460,Quinton Ganther,UNK
00-0030450,Quinton Patton,WR
00-0027817,R.J. Stanford,UNK
00-0027195,Rafael Bush,DB
00-0021340,Raheem Brock,UNK
00-0027983,Rahim Moore,DB
00-0026672,Ramon Humber,LB
00-0028002,Randall Cobb,WR
00-0029421,Randy Bullock,UNK
00-0021236,Randy McMichael,UNK
00-0011754,Randy Moss,UNK
00-0022805,Randy Starks,UNK
00-0027155,Rashad Jennings,RB
00-0027067,Rashad Johnson,DB
00-0030187,Rashad Ross,WR
00-0026163,Rashard Mendenhall,UNK
00-0022080,Rashean Mathis,UNK
00-0023429,Rashied Davis,UNK
00-0024342,Ray Edwards,UNK
00-0009889,Ray Lewis,UNK
00-0025484,Ray McDonald,UNK
00-0026195,Ray Rice,UNK
00-0030050,Ray-Ray Armstrong,UNK
00-0023316,Raymond Ventrone,UNK
00-0026261,Red Bryant,DT
00-0024387,Reed Doughty,UNK
00-0024217,Reggie Bush,UNK
00-0026254,Reggie Corner,UNK
00-0023642,Reggie Hodges,UNK
00-0025408,Reggie Nelson,DB
00-0026215,Reggie Smith,UNK
00-0022810,Reggie Torbor,UNK
00-0026727,Reggie Walker,UNK
00-0020498,Reggie Wayne,UNK
00-0024073,Remi Ayodele,UNK
00-0020301,Renaldo Hill,UNK
00-0027762,Reshad Jones,SS
00-0030288,Rex Burkhead,RB
00-0022121,Rex Grossman,UNK
00-0027014,Rey Maualuga,MLB
00-0026916,Rhett Bomar,UNK
00-0029587,Rhett Ellison,TE
00-0023363,Rhys Lloyd,UNK
00-0019310,Rian Lindell,UNK
00-0028442,Ricardo Lockette,UNK
00-0027829,Ricardo Mathews,DT
00-0025749,Richard Bartel,UNK
00-0027585,Richard Goodman,UNK
00-0024273,Richard Marshall,UNK
00-0031384,Richard Rodgers,TE
00-0020442,Richard Seymour,UNK
00-0028092,Richard Sherman,CB
00-0023945,Ricky Brown,UNK
00-0026502,Ricky Jean Francois,DE
00-0028073,Ricky Stanzi,UNK
00-0017915,Ricky Williams,UNK
00-0027758,Riley Cooper,UNK
00-0029580,Rishard Matthews,WR
00-0020962,Rob Bironas,UNK
00-0026581,Rob Francois,UNK
00-0027656,Rob Gronkowski,TE
00-0028007,Rob Housler,TE
00-0026382,Rob Jackson,UNK
00-0024349,Rob Ninkovich,DE
00-0019573,Robaire Smith,UNK
00-0023252,Robbie Gould,K
00-0030528,Robert Alford,CB
00-0026994,Robert Ayers,LB
00-0029575,Robert Blanton,DB
00-0022867,Robert Geathers,UNK
00-0028954,Robert Golden,SS
00-0029665,Robert Griffin III,QB
00-0027509,Robert Malone,UNK
00-0022059,Robert Mathis,OLB
00-0027840,Robert McClain,DB
00-0025414,Robert Meachem,UNK
00-0027952,Robert Quinn,DE
00-0029273,Robert Turbin,RB
00-0030431,Robert Woods,WR
00-0021357,Rock Cartwright,UNK
00-0021261,Rocky Bernard,UNK
00-0024250,Rocky McIntosh,UNK
00-0029129,Rod Streater,WR
00-0023462,Roddy White,UNK
00-0028899,Rodney McLeod,DB
00-0027904,Rolando McClain,UNK
00-0024258,Roman Harper,UNK
00-0023485,Ron Bartell,UNK
00-0029280,Ron Brooks,DB
00-0028445,Ron Parker,SS
00-0032195,Ronald Darby,CB
00-0000741,Ronde Barber,UNK
00-0023437,Ronnie Brown,UNK
00-0029683,Ronnie Hillman,UNK
00-0026016,Ropati Pitoitua,DE
00-0023490,Roscoe Parrish,UNK
00-0028043,Roy Helu,RB
00-0027055,Roy Miller,DT
00-0021143,Roy Williams,UNK
00-0022909,Roy Williams,UNK
00-0026775,Rudy Carpenter,UNK
00-0029262,Rueben Randle,WR
00-0026605,Russell Allen,UNK
00-0029263,Russell Wilson,QB
00-0027775,Rusty Smith,UNK
00-0022421,Ruvell Martin,UNK
00-0029984,Ryan Allen,P
00-0020840,Ryan Clark,UNK
00-0023682,Ryan Fitzpatrick,UNK
00-0022984,Ryan Grant,UNK
00-0029857,Ryan Griffin,QB
00-0030108,Ryan Griffin,TE
00-0027954,Ryan Kerrigan,OLB
00-0029531,Ryan Lindley,UNK
00-0010072,Ryan Longwell,UNK
00-0028012,Ryan Mallett,QB
00-0027864,Ryan Mathews,RB
00-0025519,Ryan McBean,UNK
00-0023512,Ryan Moats,UNK
00-0027066,Ryan Mouton,UNK
00-0026334,Ryan Mundy,UNK
00-0030586,Ryan Nassib,QB
00-0020515,Ryan Pickett,UNK
00-0029493,Ryan Quigley,UNK
00-0031365,Ryan Shazier,ILB
00-0026968,Ryan Succop,K
00-0029701,Ryan Tannehill,QB
00-0026279,Ryan Torain,UNK
00-0027976,Ryan Williams,UNK
00-0025451,Sabby Piscitelli,UNK
00-0020480,Sage Rosenfels,UNK
00-0028041,Sam Acho,OLB
00-0030119,Sam Barrington,ILB
00-0027854,Sam Bradford,QB
00-0023953,Sam Hurd,UNK
00-0024417,Sam Koch,P
00-0030092,Sam Martin,P
00-0027440,Sam Shields,CB
00-0027084,Sammie Lee Hill,UNK
00-0026953,Sammie Stroughter,UNK
00-0019484,Sammy Morris,UNK
00-0031325,Sammy Watkins,WR
00-0020494,Santana Moss,UNK
00-0024240,Santonio Holmes,UNK
00-0024515,Sav Rocca,UNK
00-0025516,Scott Chandler,UNK
00-0021259,Scott Fujita,UNK
00-0022040,Scott Shanle,UNK
00-0028595,Scott Tolzien,QB
00-0028256,Sealver Siliga,DT
00-0027830,Sean Canfield,UNK
00-0023537,Sean Considine,UNK
00-0022844,Sean Jones,UNK
00-0027663,Sean Lee,OLB
00-0027826,Sean Lissemore,NT
00-0030569,Sean Renfree,QB
00-0027037,Sean Smith,DB
00-0029594,Sean Spence,LB
00-0027871,Sean Weatherspoon,LB
00-0019646,Sebastian Janikowski,K
00-0026147,Sedrick Ellis,UNK
00-0027038,Sen'Derrick Marks,DT
00-0022055,Seneca Wallace,UNK
00-0027232,Sergio Brown,FS
00-0027581,Seyi Ajirotutu,UNK
00-0019714,Shane Lechler,P
00-0027994,Shane Vereen,RB
00-0028027,Shareece Wright,UNK
00-0030574,Sharrif Floyd,DT
00-0023472,Shaun Cody,UNK
00-0028202,Shaun Draughn,RB
00-0019545,Shaun Ellis,UNK
00-0020679,Shaun Hill,QB
00-0022723,Shaun Phillips,UNK
00-0020528,Shaun Rogers,UNK
00-0021679,Shaun Smith,UNK
00-0023001,Shaun Suisham,K
00-0028897,Shawn Powell,UNK
00-0030471,Shawn Williams,SS
00-0023446,Shawne Merriman,UNK
00-0022843,Shawntae Spencer,UNK
00-0019536,Shayne Graham,UNK
00-0029250,Shea McClellin,LB
00-0021186,Sheldon Brown,UNK
00-0030573,Sheldon Richardson,DE
00-0027743,Sherrick McManis,CB
00-0027035,Sherrod Martin,UNK
00-0028082,Shiloh Keo,UNK
00-0026899,Shonn Greene,UNK
00-0025431,Sidney Rice,UNK
00-0030529,Sio Moore,LB
00-0023523,Sione Po'uha,UNK
00-0022610,Spencer Johnson,UNK
00-0028347,Spencer Lanning,UNK
00-0028368,Spencer Paysinger,LB
00-0030414,Spencer Ware,RB
00-0023473,Stanford Routt,UNK
00-0030455,Star Lotulelei,DT
00-0030532,Stedman Bailey,WR
00-0026491,Stefan Logan,UNK
00-0031588,Stefon Diggs,WR
00-0030282,Stepfan Taylor,RB
00-0023954,Stephen Bowen,UNK
00-0021544,Stephen Cooper,UNK
00-0024333,Stephen Gostkowski,K
00-0028995,Stephen Hill,UNK
00-0027071,Stephen McGee,UNK
00-0025496,Stephen Nicholas,UNK
00-0027991,Stephen Paea,DE
00-0024331,Stephen Tulloch,MLB
00-0029542,Stephon Gilmore,CB
00-0032102,Stephone Anthony,MLB
00-0028767,Sterling Moore,DB
00-0028011,Stevan Ridley,RB
00-0025529,Steve Breaston,UNK
00-0023998,Steve Gregory,UNK
00-0026364,Steve Johnson,WR
00-0026564,Steve McLendon,DT
00-0026229,Steve Slaton,UNK
00-0020337,Steve Smith,WR
00-0025438,Steve Smith,UNK
00-0024110,Steve Weatherford,UNK
00-0025944,Steven Hauschka,K
00-0022736,Steven Jackson,UNK
00-0028943,Steven Johnson,LB
00-0027842,Stevie Brown,DB
00-0025474,Stewart Bradley,UNK
00-0021332,Stylez G. White,UNK
00-0031269,T.J. Carrie,SS
00-0026647,T.J. Conley,UNK
00-0029660,T.J. Graham,UNK
00-0020438,T.J. Houshmandzadeh,UNK
00-0030530,T.J. McDonald,SS
00-0027653,T.J. Ward,SS
00-0028090,T.J. Yates,UNK
00-0032209,T.J. Yeldon,RB
00-0029608,T.Y. Hilton,WR
00-0029212,Tahir Whitehead,OLB
00-0028063,Taiwan Jones,RB
00-0015474,Takeo Spikes,UNK
00-0024235,Tamba Hali,OLB
00-0025493,Tanard Jackson,DB
00-0028061,Tandon Doss,UNK
00-0029287,Tank Carder,UNK
00-0025534,Tarell Brown,UNK
00-0024279,Tarvaris Jackson,UNK
00-0026262,Tashard Choice,UNK
00-0028924,Tashaun Gipson,DB
00-0026211,Tavares Gooden,UNK
00-0030525,Tavon Austin,WR
00-0029410,Tavon Wilson,DB
00-0031228,Taylor Gabriel,WR
00-0031800,Taylor Heinicke,QB
00-0027887,Taylor Mays,DB
00-0025396,Ted Ginn,WR
00-0031237,Teddy Bridgewater,QB
00-0031309,Telvin Smith,OLB
00-0022045,Terence Newman,CB
00-0022388,Terrance Copper,UNK
00-0027046,Terrance Knighton,DT
00-0031375,Terrance West,RB
00-0030542,Terrance Williams,WR
00-0012478,Terrell Owens,UNK
00-0022161,Terrell Suggs,OLB
00-0026203,Terrell Thomas,UNK
00-0028825,Terrelle Pryor,UNK
00-0027813,Terrence Austin,UNK
00-0027665,Terrence Cody,UNK
00-0022008,Terrence McGee,UNK
00-0032058,Tevin Coleman,RB
00-0027253,Thad Lewis,QB
00-0030107,Theo Riddick,RB
00-0023448,Thomas Davis,OLB
00-0026238,Thomas DeCoud,UNK
00-0024253,Thomas Howard,UNK
00-0019641,Thomas Jones,UNK
00-0027114,Thomas Morstead,P
00-0031897,Thomas Rawls,RB
00-0025443,Tim Crowder,UNK
00-0024365,Tim Dobbins,UNK
00-0026289,Tim Hightower,RB
00-0026798,Tim Jamison,UNK
00-0024277,Tim Jennings,UNK
00-0026664,Tim Masthay,P
00-0025551,Tim Shaw,UNK
00-0027876,Tim Tebow,UNK
00-0029910,Timothy Wright,TE
00-0027156,Tiquan Underwood,UNK
00-0027982,Titus Young,UNK
00-0027888,Toby Gerhart,UNK
00-0001545,Todd Bouman,UNK
00-0003315,Todd Collins,UNK
00-0032241,Todd Gurley,RB
00-0020516,Todd Heap,UNK
00-0019596,Tom Brady,QB
00-0027121,Tom Brandstater,UNK
00-0024030,Tom Johnson,DT
00-0031064,Tom Savage,QB
00-0026226,Tom Zbikowski,UNK
00-0028189,Tommie Campbell,UNK
00-0022539,Tommy Kelly,UNK
00-0026515,Tony Carter,DB
00-0006101,Tony Gonzalez,UNK
00-0030294,Tony Jefferson,SS
00-0029165,Tony Jerod-Eddie,DE
00-0024102,Tony McDaniel,UNK
00-0027695,Tony Moeaki,UNK
00-0021678,Tony Romo,QB
00-0024276,Tony Scheffler,UNK
00-0027996,Torrey Smith,WR
00-0007681,Torry Holt,UNK
00-0026180,Tracy Porter,CB
00-0021645,Tracy White,UNK
00-0027375,Tramaine Brock,CB
00-0024061,Tramon Williams,CB
00-0029205,Travaris Cadet,RB
00-0029269,Travis Benjamin,WR
00-0031112,Travis Coons,K
00-0030506,Travis Kelce,TE
00-0029217,Travis Lewis,LB
00-0031391,Tre Mason,RB
00-0023579,Trent Cole,OLB
00-0025479,Trent Edwards,UNK
00-0029675,Trent Richardson,RB
00-0029297,Trenton Robinson,DB
00-0030140,Tress Way,P
00-0029314,Trevin Wade,DB
00-0026309,Trevor Scott,UNK
00-0027606,Trindon Holliday,UNK
00-0026948,Troy Nolan,UNK
00-0022119,Troy Polamalu,UNK
00-0025561,Troy Smith,UNK
00-0029690,Trumaine Johnson,CB
00-0025608,Trumaine McBride,UNK
00-0022038,Tully Banta-Cain,UNK
00-0025441,Turk McBride,UNK
00-0023606,Tyjuan Hagler,UNK
00-0022047,Tyler Brayton,UNK
00-0030549,Tyler Eifert,TE
00-0032211,Tyler Lockett,WR
00-0024812,Tyler Palko,UNK
00-0025604,Tyler Thigpen,UNK
00-0030459,Tyrann Mathieu,FS
00-0026183,Tyrell Johnson,UNK
00-0026790,Tyrell Sutton,UNK
00-0028118,Tyrod Taylor,QB
00-0029641,Tyrone Crawford,DT
00-0024399,Tyrone Culver,UNK
00-0027862,Tyson Alualu,DT
00-0026980,Tyson Jackson,DE
00-0026240,Tyvon Branch,DB
00-0025453,Usama Young,UNK
00-0030470,Vance McDonald,TE
00-0026942,Vance Walker,DE
00-0027082,Vaughn Martin,UNK
00-0024221,Vernon Davis,TE
00-0029547,Vick Ballard,RB
00-0027079,Victor Butler,UNK
00-0027265,Victor Cruz,WR
00-0022712,Vince Wilfork,NT
00-0030434,Vince Williams,ILB
00-0024218,Vince Young,UNK
00-0028020,Vincent Brown,UNK
00-0023496,Vincent Jackson,WR
00-0027245,Vincent Rey,OLB
00-0029412,Vinny Curry,UNK
00-0028142,Virgil Green,TE
00-0022054,Visanthe Shiancoe,UNK
00-0027940,Von Miller,OLB
00-0007611,Vonnie Holliday,UNK
00-0022397,Vonta Leach,UNK
00-0027001,Vontae Davis,CB
00-0028912,Vontaze Burfict,OLB
00-0026105,Wallace Gilberry,DE
00-0027711,Walter Thurmond,UNK
00-0022427,Wes Welker,UNK
00-0025828,Wesley Woodyard,ILB
00-0029643,Whitney Mercilus,OLB
00-0022900,Will Allen,UNK
00-0024330,Will Blackmon,CB
00-0029869,Will Compton,UNK
00-0021756,Will Heller,UNK
00-0025548,Will Herring,UNK
00-0029407,Will Hill,UNK
00-0028841,Will Johnson,RB
00-0022911,Will Smith,UNK
00-0021085,Will Witherspoon,UNK
00-0025557,William Gay,CB
00-0030386,William Gholston,DE
00-0026243,William Hayes,DE
00-0020384,William James,UNK
00-0026912,William Middleton,UNK
00-0027031,William Moore,UNK
00-0028736,William Powell,UNK
00-0022250,Willie Parker,UNK
00-0030663,Willie Snead,WR
00-0027808,Willie Young,OLB
00-0022178,Willis McGahee,UNK
00-0030575,Xavier Rhodes,CB
00-0022067,Yeremiah Bell,UNK
00-0025605,Zac Diles,UNK
00-0030536,Zac Stacy,RB
00-0029566,Zach Brown,LB
00-0030061,Zach Ertz,TE
00-0031266,Zach Mettenberger,QB
00-0025425,Zach Miller,UNK
00-0027125,Zach Miller,TE
00-0026282,Zack Bowman,UNK
00-0027008,Ziggy Hood,DE
00-0027749,Zoltan Mesko,UNK
00-0030855,Zurlon Tipton,UNK
